童軍進度追蹤系統	Scout Progress Tracker
童軍進度追蹤	Scout Progress Tracker
童軍進度追蹤系統 v5.1 - 手機友善・批量開戶・全前端控制	Scout Progress Tracker v5.1 - Mobile friendly · Bulk onboarding · Full front-end control
童軍進度追蹤 v5.1	Scout Progress Tracker v5.1
Scout Progress Tracker v5.1 • 總領袖獎章 + 第11版綱要（中英對照）	Scout Progress Tracker v5.1 • Chief Scout's Award + 11th ed. Scheme (bilingual 中/EN)
基於《童軍支部訓練綱要》（第11版） • 支援離線暫存 • 批量寫入 • 活動履歷（服務／活動／訓練班） • 保護兒童 Safe from Harm	Based on the Scout Training Scheme (11th ed., 2026) with the official English version built in | Offline caching • batch writes • activity records (service / activity / training) • Safe from Harm
COPYRIGHT 2026 Scout System • 童軍進度追蹤系統 v5.1	COPYRIGHT 2026 Scout System • Scout Progress Tracker v5.1
最新：v5.1	Latest: v5.1
🐛💬 回報 · 意見	🐛💬 Report · Feedback
問題回報 / 意見回饋（經 Scout Admin 統一回收，可匿名）	Report an issue / send feedback (via Scout Admin, anonymous welcome)
⚠️ 非官方聲明：本系統為獨立開發的非官方工具，並非香港童軍總會官方產品，與總會並無隸屬或贊助關係。	⚠️ Unofficial notice: this system is an independently developed unofficial tool. It is NOT an official product of the Scout Association of Hong Kong and has no affiliation with or sponsorship from the Association.
私隱：普通成員預設只看自己，能否看其他成員由團長開放。	Privacy: members only see themselves by default; the Group Scout Leader decides whether they can view others.
本節點係進度系統（下游），唔設支部表。上下游接駁經 Google Sheet 選單「🔗 旅系統」操作（sig 係 GAS→GAS 直連，唔經本 proxy）：➕ 登記下游（URL + SHEET KEY）→ 📡 測試下游連線 → 📤 匯出 JSON（含 hash，Drive 私人檔）→ 📥 匯入 JSON → 🚪 閂下游直接入口 → 👤 為下游開戶。新節點接入：選單「🔑 顯示 BACKEND／APIKEY（交 ADMIN）」→ 收件匣 → ADMIN 登記 Vercel env。	This node is a Progress System (downstream); it has no Branch sheet. Upstream/downstream linking is done via the Google Sheet menu "🔗 Troop System" (sig is a direct GAS→GAS connection, not via this proxy): ➕ Register downstream (URL + SHEET KEY) → 📡 Test downstream connection → 📤 Export JSON (with hash, private Drive file) → 📥 Import JSON → 🚪 Close downstream direct entry → 👤 Create accounts for downstream. New node onboarding: menu "🔑 Show BACKEND/APIKEY (for the ADMIN)" → inbox → ADMIN registers in Vercel env.
⚠️ 直接入口開關（ALLOW_LOCAL_LOGIN）只由上游（旅／支部系統）選單／sig 遠端操作，或在本節點 GAS Script Properties 手動設定；本 APP 屬下游系統，介面內不設此掣。誤閂而鎖死時：由上游選單「🚪 下游直接入口」重開。	⚠️ The direct-entry switch (ALLOW_LOCAL_LOGIN) is operated only by the upstream (Troop/Branch system) menu via sig, or set manually in this node's GAS Script Properties. This app is a downstream system and does not offer this switch in its UI. If it is closed by mistake and locks everyone out: re-open it from the upstream menu "🚪 Downstream direct entry".
香港童軍總會	Scout Association of Hong Kong
Developed for 82 Troop • <a href="https://www.scout.org.hk" target="_blank" rel="noopener">香港童軍總會</a>	Developed for 82 Troop • <a href="https://www.scout.org.hk" target="_blank" rel="noopener">Scout Association of Hong Kong</a>
🏠 進入系統	🏠 Enter System
📋 新旅團部署	📋 New Troop Setup
📖 使用教學	📖 User Guide
📍 請選擇您的旅團	📍 Select Your Troop
🔄 重新載入	🔄 Reload
載入中...	Loading...
選擇旅團	Select Troop
密碼	Password
請輸入密碼	Enter password
登入	Sign In
登出	Sign Out
← 返回首頁	← Back to Home
取消	Cancel
關閉	Close
請填寫帳號和密碼	Please enter your account and password
登入失敗	Login failed
提交失敗	Submit failed
權限不足	Insufficient permission
